,Classes,name,ingredients,ingredients_raw_str,servings,weights
0,apple_pie,Mom's Dutch Apple Pie,"['sugar', 'light brown sugar', 'flour', 'cinnamon', 'pastry crust', 'apples', 'lemon juice', 'butter', 'light brown sugar', 'flour', 'cinnamon']","['', '1/3  cup    sugar', '1/3  cup    light brown sugar, packed ', '1   tablespoon    flour', '1   tablespoon    cinnamon (overflowing)', '1       pastry crust (Pillsbury)', '6   large   mcintosh apples (cored and peeled)', '1   teaspoon    lemon juice', '', '5   teaspoons    butter', '1   cup    light brown sugar', '1   cup    flour', '2   teaspoons    cinnamon']",8,"[78.86266666666666, 78.86266666666666, 14.7868, 14.7868, '', '', 4.92892, 24.644599999999997, 236.588, 236.588, 9.85784]"
1,baby_back_ribs,RIBS !!,"['lean pork spareribs', 'dark soy sauce', 'hoisin sauce', 'bottled chili sauce', 'liquid honey', 'brandy', 'fresh ginger', 'fresh garlic', 'coarse black pepper']","['4 -5   lbs    lean pork spareribs', '1/4  cup    dark soy sauce', '1/4  cup    hoisin sauce', '1/4  cup    bottled chili sauce', '1/2  cup    liquid honey', '1/4  cup    brandy', '2   teaspoons   grated fresh ginger', '2   tablespoons   smashed fresh garlic', '2   teaspoons    coarse black pepper']",4,"[2000, 59.147, 59.147, 59.147, 118.294, 59.147, 9.85784, 29.5736, 9.85784]"
2,baklava,Baklava,"['honey', 'sugar', 'water', 'cinnamon', 'orange rind', 'orange juice', 'phyllo pastry sheets', 'butter', 'almonds']","['2   cups    honey', '1   cup    sugar', '1   cup    water', '1   teaspoon    cinnamon', '1   tablespoon   grated orange rind', '1   tablespoon    orange juice', '14       phyllo pastry sheets', '1   cup   melted butter', '2   cups   toasted  almonds, and  (pistachios or pecans will work too) or 2   cups    walnuts (pistachios or pecans will work too)']",24,"[473.176, 236.588, 236.588, 4.92892, 14.7868, 14.7868, '', 236.588, 473.176]"
3,beef_carpaccio,Beef Carpaccio,"['beef', 'fresh ground black pepper', 'parmesan cheese', 'balsamic vinegar', 'soy sauce', 'worcestershire sauce', 'garlic cloves', 'fresh basil', 'fresh thyme', 'black peppercorns', 'dry white wine', 'olive oil', 'coarse sea salt']","['2   lbs   topside of aberdeen angus beef or 2   lbs    prime rib roast', '  fresh ground black pepper, to taste ', '2   ounces    parmesan cheese', '', '1/2  cup    balsamic vinegar', '5   tablespoons    soy sauce', '5   tablespoons    Worcestershire sauce', '4       garlic cloves, chopped ', '1   bunch    fresh basil', '1/2  bunch    fresh thyme', '15       black peppercorns, crushed ', '1 1/4  cups    dry white wine', '2 1/2  cups    olive oil', '1   tablespoon    coarse sea salt']",4,"[1814.368, '', 56.699, 118.294, 73.934, 73.934, 20, 20, '', 5, '', '', 14.7868]"
4,beef_tartare,Beef Tartare,"['beef tenderloin', 'parmigiano-reggiano cheese', 'garlic-stuffed olives', 'olive oil', 'dijon mustard', 'shallots', 'celery leaves', 'fresh chives', 'fresh parsley', 'green chili sauce', 'salt %26 freshly ground black pepper', 'canola oil', 'parsnips', 'salt', 'fresh ground black pepper']","['', '2      pounds/ 1kg beef tenderloin', '1      cup/ 250ml cubed parmigiano-reggiano cheese', '1/4     cup/ 60ml garlic-stuffed olives, halved ', '3      tablespoons/ 45ml olive oil', '1      tablespoon/ 15ml Dijon mustard', '2       shallots, diced ', '1      handful celery leaves', '1      handful fresh chives, finely chopped ', '1      handful fresh parsley, chopped ', '  green chili sauce, such as Tabasco ', '  salt & freshly ground black pepper', '', '  canola oil, for frying ', '6       parsnips, peeled and julienned ', ' smoked salt', '  fresh ground black pepper']",4,"[907.184, 236.588, 59.147, 44.3604, 14.7868, 15, 5, 5, 5, '', '', '', '', '', '']"
5,beet_salad,Beet Salad,"['beets', 'celery', 'red onion', 'eggs', 'dill pickle', 'celery seed', 'salt', 'black pepper', 'red wine vinegar', 'salad oil', 'sugar']","['3   cups   chopped cooked beets', '1   cup   finely chopped celery', '1/2-1   cup   chopped red onion', '2       eggs, hard-cooked and chopped ', '1/2  cup   chopped dill pickle', '1   teaspoon    celery seed', '1   teaspoon    salt', '1/2  teaspoon    black pepper', '1/3  cup    red wine vinegar', '1/2  cup    salad oil', '1/2  cup    sugar']",4,"[709.764, 236.588, -118.294, 30, 118.294, 4.92892, 4.92892, 2.46446, 78.86266666666666, 118.294, 118.294]"
6,beignets,Beignets,"['active dry yeast', 'warm water', 'sugar', 'salt', 'eggs', 'evaporated milk', 'flour', 'vegetable shortening', 'oil', 'confectioners%27 sugar']","['1   package    active dry yeast', '1 1/2  cups    warm water (100-115 degrees F)', '1/2  cup    sugar', '1   teaspoon    salt', '2   large    eggs', '1   cup    evaporated milk', '7   cups    flour', '1/4  cup    vegetable shortening', '  oil (for deep frying)', ""  confectioners' sugar, for dusting  (or burying, depending on taste)""]",1,"[7, '', 118.294, 4.92892, 100, 236.588, 1656.116, 59.147, '', '']"
7,bibimbap,Bibimbap,"['soy sauce', 'sesame oil', 'sugar', 'garlic clove', 'ginger', 'apple juice', 'lean ground beef', 'short-grain rice', 'eggs', 'zucchini', 'mushroom', 'bean sprouts', 'carrot', 'chili paste', 'rice wine vinegar']","['2   tablespoons    soy sauce', '3   tablespoons    sesame oil', '2   teaspoons    sugar', '1       garlic clove, minced ', '1/2  teaspoon    ginger, grated ', '1/2  cup    apple juice', '1/2  lb    lean ground beef', '1   cup    short-grain rice', '2       eggs', '1/2      zucchini, thinly sliced ', '1   cup    mushroom, thinly sliced ', '1/2  cup    bean sprouts', '1/2  cup    carrot, julienned ', '1/4  cup   korean chili paste', '2   tablespoons    rice wine vinegar']",2,"[29.5736, 44.3604, 9.85784, 5, 2.46446, 118.294, 226.796, 236.588, 100, 50, 236.588, 118.294, 118.294, 59.147, 29.5736]"
8,bread_pudding,Bread Pudding,"['bread', 'milk', 'butter', 'eggs', 'sugar', 'milk', 'nutmeg', 'cinnamon']","['2   cups    bread, torn into pieces and stale ', '2   cups    milk, scalded and still hot ', '2   tablespoons    butter', '3       eggs', '3/4  cup    sugar', '2   cups   cold milk', '1   teaspoon    nutmeg', '1   teaspoon    cinnamon']",6,"[473.176, 473.176, 29.5736, 150, 177.441, 473.176, 4.92892, 4.92892]"
9,breakfast_burrito,Breakfast Burrito,"['chorizo sausage', 'red onion', 'garlic cloves', 'green chilies', 'cilantro leaf', 'egg substitute', 'corn tortillas', 'low-fat cheddar cheese']","['4   ounces    chorizo sausage', '1/2      red onion, chopped fine ', '3       garlic cloves, crushed ', '4   ounces    green chilies, chopped ', '1/2  cup    cilantro leaf, chopped ', '1   cup    egg substitute (I use egg beaters)', '4       corn tortillas', '1/2  cup    low-fat cheddar cheese, shredded ']",4,"[113.398, 15, 15, 113.398, 118.294, 236.588, 100, 118.294]"
10,bruschetta,Bruschetta,"['french bread', 'fresh tomatoes', 'olive oil', 'white vinegar', 'onion', 'garlic', 'fresh basil', 'pepper', 'cheese', 'garlic butter']","['1       French bread or 1       baguette, not too crusty, sliced diagonally ', '4 -5       fresh tomatoes, diced ', '1   dash    olive oil (whichever kind you prefer)', '1   dash    white vinegar (you can also use balsamic)', '1   small    onion, chopped ', '1   teaspoon    garlic, chopped ', '3 -4   pinches    fresh basil', '  pepper', '1/2  cup    cheese, finely grated ', '  garlic butter']",8,"[120, 100, '', '', 20, 4.92892, 2, '', 118.294, '']"
11,caesar_salad,Caesar Salad,"['garlic', 'anchovy fillets', 'egg yolks', 'white wine vinegar', 'red wine vinegar', 'dijon mustard', 'worcestershire sauce', 'salt', 'fresh lemon juice', 'olive oil', 'romaine lettuce', 'parmesan cheese', 'garlic-flavored croutons']","['3   cloves    garlic', '3      flat anchovy fillets, drained and minced ', '2   large    egg yolks', '1   tablespoon    white wine vinegar', '2   teaspoons    red wine vinegar', '1 1/2  teaspoons    Dijon mustard', '1   teaspoon    Worcestershire sauce', '1/4  teaspoon    salt', '1   tablespoon    fresh lemon juice', '3/4  cup    olive oil', '2   heads    romaine lettuce, torn into pieces,rinsed and spun dry ', '1/2  cup   freshly-grated parmesan cheese', '1   cup    garlic-flavored croutons (recipe in my cookbook)']",4,"[10, '', 30, 14.7868, 9.85784, '', 4.92892, 1.23223, 14.7868, 177.441, 500, 118.294, 236.588]"
12,cannoli,Cannoli,"['sifted flour', 'sugar', 'cinnamon', 'red wine', 'egg yolk', 'ricotta cheese', 'confectioners%27 sugar', 'cinnamon', 'candied citron peel']","['', '4   cups    sifted flour', '1   tablespoon    sugar', '1/4  teaspoon    cinnamon', '3/4  cup    red wine', '1       egg yolk, beaten slightly ', '', '3   lbs    ricotta cheese', ""1 3/4  cups   sifted confectioners' sugar"", '1/4  teaspoon    cinnamon', '2   tablespoons   minced candied citron peel or 2   tablespoons   chopped nuts, of choice ']",1,"[946.352, 14.7868, 1.23223, 177.441, 15, 1360, '', 1.23223, 29.5736]"
13,caprese_salad,Caprese Salad,"['tomatoes', 'fresh basil leaf', 'tomatoes', 'olive oil', 'salt and pepper']","['4   large    tomatoes, cut 1/4 inch thick ', '1/2  cup    fresh basil leaf', '2   large   ripe tomatoes, sliced 1/2 inch thick ', '3   tablespoons    olive oil', '  salt and pepper']",4,"[200, 118.294, '', 44.3604, '']"
14,carrot_cake,Carrot Cake,"['sugar', 'brown sugar', 'plain flour', 'baking powder', 'ground cinnamon', 'salt', 'butter', 'milk', 'vanilla extract', 'carrots', 'raisins', 'icing sugar', 'lemon juice']","['170   g    sugar', '60   g    brown sugar', '280   g    plain flour', '1 1/2  teaspoons    baking powder', '1   teaspoon    ground cinnamon', '1/2  teaspoon    salt', '115   g    butter, melted ', '100   ml    milk', '1   teaspoon    vanilla extract', '230   g   finely grated carrots', '180   g    raisins', '150   g    icing sugar', '3   tablespoons    lemon juice']",8,"[170, 60, 280, '', 4.92892, 2.46446, 115, 100, 4.92892, 230, 180, 150, 44.3604]"
15,ceviche,Ceviche,"['halibut', 'shrimp', 'lemons', 'garlic cloves', 'onion', 'cucumber', 'hot pepper', 'parsley', 'cilantro', 'tomatoes']","['1   lb    halibut', '1/4  lb    shrimp', '4       lemons', '2       garlic cloves', '1   small    onion', '1/2      cucumber', '1       hot pepper, chopped fine ', '2   tablespoons   chopped parsley', '2   tablespoons   chopped cilantro (coriander)', '2       tomatoes, chopped ']",4,"[453.592, 113.398, 200, 10, 50, '', 5, 29.5736, 29.5736, 50]"
16,cheesecake,Cheesecake,"['cream cheese', 'sour cream', 'sugar', 'eggs', 'vanilla', 'lemon', 'graham cracker crumbs', 'butter']","['16   ounces    cream cheese (room temp)', '16   ounces    sour cream', '2/3  cup    sugar', '3       eggs', '1   teaspoon    vanilla', ' zest from 1/2 lemon', '2   cups    graham cracker crumbs', '4   ounces    butter']",8,"[453.592, 453.592, 157.7253333333333, 150, 4.92892, '', 473.176, 113.398]"
17,cheese_plate,Cheese Pate',"['curry powder', 'sharp cheddar cheese', 'green onion', 'sliced almonds', 'mayonnaise', 'sherry wine', 'pepper jelly']","['1   tablespoon    curry powder', '12   ounces    sharp cheddar cheese, grated ', '1/2  cup    green onion, chopped ', '1/2  cup    sliced almonds, toasted ', '3/4  cup   of good quality mayonnaise', '1/4  cup    sherry wine', '1 (8   ounce) jar   pepper jelly']",12,"[14.7868, 340.19399999999996, 118.294, 118.294, 177.441, 59.147, 227]"
18,chicken_curry,Chicken Curry,"['chicken breast', 'ground ginger', 'curry powder', 'garlic powder', 'onion powder', 'salt', 'chicken broth', 'cornstarch']","['1   lb    chicken breast, cut into 1-in cubes ', '1/4  teaspoon    ground ginger', '1 -2   teaspoon    curry powder', '1/2  teaspoon    garlic powder', '1/2  teaspoon    onion powder', '3/4  teaspoon    salt', '1   cup    chicken broth', '  cornstarch, slurry to desired thickness ']",4,"[453.592, 1.23223, 5, 2.46446, 2.46446, 3.69669, 236.588, '']"
19,chicken_quesadilla,Chicken Quesadilla,"['chicken breast', 'flour tortillas', 'scallion', 'cilantro', 'monterey jack and cheddar cheese blend']","['1       chicken breast', '2      fresh flour tortillas', '1/4  cup    scallion', '1/4  cup    cilantro', '1   cup    monterey jack and cheddar cheese blend']",1,"[150, 50, 59.147, 59.147, 236.588]"
20,chicken_wings,Chicken Wings,"['ketchup', 'vinegar', 'mustard', 'brown sugar', 'worcestershire sauce', 'soy sauce']","['1   bottle    ketchup', '1/4  cup    vinegar', '1   teaspoon    mustard', '1   cup    brown sugar', '1   tablespoon    Worcestershire sauce', '1/2  teaspoon    soy sauce']",8,"['', 59.147, 4.92892, 236.588, 14.7868, 2.46446]"
21,chocolate_cake,Chocolate Cake,"['sugar', 'flour', 'salt', 'baking soda', 'cocoa', 'miracle whip', 'water', 'egg', 'vanilla']","['1 1/2  cups    sugar', '2   cups    flour', '1   pinch    salt', '2   teaspoons    baking soda', '3   tablespoons    cocoa', '1   cup    Miracle Whip', '1   cup    water', '1       egg', '1   teaspoon    vanilla']",12,"[240, 473.176, '', 9.85784, 44.3604, 236.588, 236.588, 50, 4.92892]"
22,chocolate_mousse,Chocolate Mousse,"['eggs', 'sugar', 'cocoa', 'butter', 'milk', 'instant coffee', 'cream of tartar', 'whipping cream', 'whipped cream', 'chocolate curls']","['3       eggs, separated ', '1   cup    sugar', '1/2  cup    cocoa', '3/4  cup    butter, melted ', '1/4  cup    milk', '1 1/2  tablespoons    instant coffee', '1/4  teaspoon    cream of tartar', '1   cup    whipping cream', '  whipped cream (to garnish)', '  chocolate curls (to garnish)']",8,"['', 236.588, 118.294, 177.441, 59.147, '', 1.23223, 236.588, '', '']"
23,churros,Churros,"['granulated sugar', 'cinnamon', 'water', 'butter', 'vegetable shortening', 'sugar', 'salt', 'white cornmeal', 'all-purpose flour', 'eggs', 'peanut oil']","['', '1   cup    granulated sugar', '2   teaspoons    cinnamon', '', '1   cup    water', '2   tablespoons    butter', '2   tablespoons    vegetable shortening', '1   tablespoon    sugar', '1/2  teaspoon    salt', '1/2  cup    white cornmeal', '1/2  cup    all-purpose flour', '2   large    eggs, beaten ', '  peanut oil (for frying)']",1,"[236.588, 9.85784, 236.588, 29.5736, 29.5736, 14.7868, 2.46446, 118.294, 118.294, 100, '']"
24,clam_chowder,Clam Chowder,"['minced clams', 'half-and-half', 'celery', 'onion', 'potatoes', 'butter', 'all-purpose flour']","['3 (6 1/2  ounce) cans   minced clams, juice reserved ', '4   cups    half-and-half', '2   cups   diced celery', '1   large    onion, finely chopped ', '4 -5       potatoes, cut into small cubes ', '1/4  lb    butter', '8   tablespoons    all-purpose flour, see note in instructions ']",4,"[350, 946.352, 473.176, 50, 100, 113.398, 118.2944]"
25,club_sandwich,Club Sandwich,"['bread', 'mayonnaise', 'american cheese', 'ham', 'tomatoes', 'lettuce', 'crisp bacon', 'monterey jack cheese', 'deli turkey']","['3   slices   toasted bread', '2   tablespoons    mayonnaise', '2   slices    American cheese', '4   slices   shaved ham', '4       tomatoes, sliced, divided ', '4   leaves    lettuce, divided ', '4   slices    crisp bacon, divided ', '2   slices    monterey jack cheese', '4   slices   shaved deli turkey']",1,"[50, 29.5736, 30, 60, 200, 20, 75, 20, 100]"
26,crab_cakes,Crab Cakes,"['crabmeat', 'panko breadcrumbs', 'red bell peppers', 'shallots', 'parsley', 'lemon juice', 'dry sherry', 'heavy cream', 'egg', 'salt', 'white pepper', 'tabasco sauce', 'celery salt', 'paprika', 'butter']","['1   lb   cooked crabmeat, fresh or frozen ', '1 1/2  cups    panko breadcrumbs', '3   tablespoons   diced red bell peppers', '3   tablespoons   diced shallots', '3   tablespoons   minced parsley', '3   tablespoons    lemon juice', '1   tablespoon    dry sherry', '1/4  cup    heavy cream', '1   large    egg, beaten ', '1   pinch    salt', '1   pinch    white pepper', '1   dash    Tabasco sauce', '1   pinch    celery salt', '1/2  teaspoon    paprika (preferably sweet Hungarian)', '4   tablespoons    butter or 4   tablespoons    oil (or mixture of both)']",1,"[453.592, 40, 44.3604, 44.3604, 44.3604, 44.3604, 14.7868, 59.147, 50, '', '', '', '', 2.46446, 59.1472]"
27,creme_brulee,Creme Brulee,"['heavy cream', 'vanilla bean', 'sugar', 'eggs', 'egg yolks', 'dark brown sugar', 'fresh raspberry', 'vanilla bean', 'baking chocolate', 'pralines', 'pecans', 'coffee beans', 'bananas', 'butter', 'brandy', 'brown sugar']","['3   cups    heavy cream', '1   piece    vanilla bean, pierced ', '1/4  cup    sugar', '3       eggs', '3       egg yolks', '1/2  cup    dark brown sugar', '  fresh raspberry', '', '1       vanilla bean', '4 1/2  ounces    baking chocolate', '4 1/2  ounces    pralines', '1   cup    pecans, finely chopped  or 1   cup    brazil nut', '3   ounces    coffee beans, finely ground  (Espresso, French Roast, etc.)', '2       bananas', '1   tablespoon    butter', '2   tablespoons    brandy', '2   teaspoons    brown sugar']",6,"[709.764, '', 59.147, '', '', 118.294, 20, 5, '', 113.398, 236.588, 85.04849999999999, 200, 14.7868, 29.5736, 9.85784]"
28,croque_madame,Croque Madame,"['bread', 'ham', 'swiss cheese', 'egg', 'butter']","['2   slices    bread', '1   slice    ham', '1   slice    swiss cheese', '1       egg, fried ', '  butter']",1,"[100, 30, 20, 50, '']"
29,cup_cakes,Cupcakes,"['cake flour', 'plain flour', 'sugar', 'baking powder', 'salt', 'unsalted butter', 'eggs', 'buttermilk', 'vanilla extract']","['200   g    cake flour', '150   g    plain flour', '200   g    sugar', '15   g    baking powder', '1/2  teaspoon    salt', '230   g    unsalted butter, cut into 1-cm cubes ', '4   large    eggs', '235   ml    buttermilk', '1   teaspoon    vanilla extract']",30,"[200, 150, 200, 15, 2.46446, 230, '', 235, 4.92892]"
30,deviled_eggs,Deviled Eggs,"['eggs', 'mayonnaise', 'seasoning salt', 'prepared mustard', 'pickle relish', 'lemon juice', 'worcestershire sauce', 'salt and pepper', 'paprika']","['8       eggs', '3   tablespoons    mayonnaise', '1/2  teaspoon    seasoning salt', '1   teaspoon    prepared mustard', '1   tablespoon    pickle relish', '1/2  teaspoon    lemon juice', '      Worcestershire sauce', '  salt and pepper', '  paprika']",1,"[400, 44.3604, 2.46446, 4.92892, 14.7868, 2.46446, '', '', '']"
31,donuts,Chinese Buffet Style Donuts,"['refrigerated biscuits', 'sugar', 'oil']","['1 (10   count) can   refrigerated biscuits', '1/3  cup    sugar', '  oil, to deep fry in ']",10,"[400, 78.86266666666666, '']"
32,dumplings,Dumplings,"['all-purpose flour', 'baking powder', 'salt', 'butter', 'milk']","['2   cups    all-purpose flour', '1   tablespoon    baking powder', '1/2  teaspoon    salt', '3   tablespoons    butter', '1   cup    milk']",1,"[473.176, 14.7868, 2.46446, 44.3604, 236.588]"
33,edamame,Edamame,"['edamame', 'salt']","['  edamame, as much as you would like to prepare  (I use fresh, but frozen is easier to find and works well)', '  salt']",1,"['', '']"
34,eggs_benedict,Eggs Benedict,"['egg yolks', 'cold water', 'butter', 'lemon juice', 'salt', 'cayenne pepper', 'water', 'salt', 'eggs', 'english muffins', 'butter', 'boiled ham']","['', '3       egg yolks', '2   tablespoons    cold water', '1/2  cup    butter, cut into 8 pieces ', '2   tablespoons    lemon juice', '1/8  teaspoon    salt', '1   dash    cayenne pepper', '', '  water', '1   teaspoon    salt', '8   large    eggs', '4       English muffins, split ', ' soft butter', '4   slices   fully-cooked boiled ham']",4,"[45, 29.5736, 118.294, 29.5736, 0.616115, '', '', 4.92892, 400, 300, '', 100]"
35,escargots,Escargot,"['snails', 'garlic', 'fresh parsley', 'butter', 'baguette']","['24   large    snails', '1 -2   tablespoon    garlic, depending on taste ', '1   tablespoon    fresh parsley, finely chopped ', '3   tablespoons    butter', '1      soft crusted baguette']",3,"[72, -5, 14.7868, 44.3604, 150]"
36,falafel,Falafel,"['chickpeas', 'onion', 'garlic cloves', 'fresh parsley', 'coriander', 'cumin', 'baking powder', 'salt', 'pepper', 'oil']","['1 (16   ounce) can   chickpeas or 1 (16   ounce) can   garbanzo beans', '1   large    onion, chopped ', '3       garlic cloves, chopped ', '3   tablespoons    fresh parsley, chopped ', '1   teaspoon    coriander', '1   teaspoon    cumin', '1/2  teaspoon    baking powder', '1/2  teaspoon    salt', '1/4  teaspoon    pepper', '2   cups    oil (for frying)']",4,"[448, 100, 15, 44.3604, 4.92892, 4.92892, 2.46446, 2.46446, 1.23223, 473.176]"
37,filet_mignon,Filet Mignon,"['filet mignon', 'oil', 'seasoning', 'fresh white mushrooms', 'onion', 'oil', 'sweet vermouth', 'garlic', 'salt %26 pepper', 'worcestershire sauce', 'pan dripping']","['1 (5 1/2  lb)    filet mignon', '  oil', '  seasoning', '2 (10   ounce) boxes   fresh white mushrooms, sliced ', '1   large    onion, sliced ', '  oil or 3 -4   tablespoons    butter', '1/2  cup    sweet vermouth or 1/2  cup    sherry wine', '1   clove    garlic, crushed ', '  salt & pepper', '1   dash    Worcestershire sauce', '  pan dripping']",10,"[907.184, '', '', 200, 200, '', 118.294, 5, '', '', '']"
38,fish_and_chips,Fish and Chips,"['deep fat', 'white fish fillets', 'self-raising flour', 'salt', 'egg', 'butter', 'milk', 'lemon wedge']","['  deep fat (for frying) or   oil (for frying)', '8   medium    white fish fillets', '4   ounces    self-raising flour', '1/4  teaspoon    salt', '1       egg', '1   tablespoon    butter, melted ', '5   fluid ounces    milk', '  lemon wedge (to garnish)']",4,"['', '', 113.398, 1.23223, '', 14.7868, '', '']"
39,foie_gras,Foie Gras,"['duck liver', 'cognac', 'salt', 'black pepper', 'red peppers']","['3/4  lb   row fat duck liver', '1   glass    cognac', '1   pinch    salt', '3   pinches    black pepper', '3   pinches    red peppers']",6,"[340.19399999999996, '', '', '', '']"
40,french_fries,French Fries,"['russet potatoes', 'sugar', 'water', 'peanut oil', 'onion powder', 'salt']","['4       russet potatoes, preferably idaho ', '2   tablespoons    sugar', '  water, enough to cover your potatoes ', '  peanut oil (enough to fill your pot at least half way)', '  onion powder', '  salt']",4,"[200, 29.5736, '', '', '', '']"
41,french_onion_soup,French Onion Soup,"['butter', 'olive oil', 'yellow onions', 'garlic cloves', 'sugar', 'brandy', 'dijon mustard', 'dried thyme', 'all-purpose flour', 'beef stock', 'dry white wine', 'salt and black pepper', 'french bread', 'butter', 'olive oil', 'garlic cloves', 'gruyere cheese', 'mozzarella cheese', 'parmesan cheese']","['', '4   tablespoons    butter', '2   tablespoons    olive oil', '6   cups   thinly sliced yellow onions', '4       garlic cloves, peeled and left whole ', '1   teaspoon    sugar', '1/4  cup    brandy', '1   tablespoon    Dijon mustard', '1/2  teaspoon    dried thyme', '3   tablespoons    all-purpose flour', '3   quarts    beef stock or 3   quarts    broth', '1 1/2  cups    dry white wine', '  salt and black pepper, to taste ', '', '8      thick slices French bread', '4   tablespoons    butter, softened ', '4   tablespoons    olive oil', '3       garlic cloves, minced ', '', '8   ounces    gruyere cheese, shredded ', '8   ounces    mozzarella cheese, shredded ', '4   ounces   freshly grated parmesan cheese']",8,"[59.1472, 29.5736, 1419.528, 20, 4.92892, 59.147, 14.7868, 2.46446, 44.3604, 2839.0589999999997, 90, '', '', 59.1472, 59.1472, '', 226.796, 226.796, 113.398]"
42,french_toast,French Toast,"['eggs', 'bread', 'oil', 'cinnamon', 'sugar', 'honey']","['2       eggs', '3   slices    bread', '1   cup    oil', '  cinnamon', '  sugar', '  honey']",1,"[100, 90, 236.588, '', '', '']"
43,fried_calamari,Fried Calamari,"['calamari', 'milk', 'lemon%2c juice of', 'hot sauce', 'flour', 'salt %26 freshly ground black pepper', 'sweet paprika', 'cayenne pepper', 'eggs', 'vegetable oil', 'dipping sauce', 'lemon wedge', 'olive oil', 'shallot', 'garlic clove', 'tomato paste', 'anchovy fillets', 'black olives', 'capers', 'tomatoes', 'chili flakes', 'fresh parsley', 'lemon%2c zest of', 'salt %26 freshly ground black pepper']","['1   lb   fresh calamari', '2   cups    milk', '1       lemon, juice of', '1   teaspoon   garlic hot sauce (recommended -- Tabasco)', '2   cups    flour', '  salt & freshly ground black pepper', '1   teaspoon    sweet paprika', '1   teaspoon    cayenne pepper', '3       eggs', '  vegetable oil, for frying ', ' puttanesca dipping sauce, recipe follows ', '  lemon wedge, for serving ', '', '1   tablespoon    olive oil', '1       shallot, finely chopped ', '1       garlic clove, minced ', '1   tablespoon    tomato paste', '2       anchovy fillets, finely chopped ', '1/4  cup   pitted diced black olives', '1   tablespoon    capers', '3       tomatoes, diced ', '1   pinch    chili flakes', '1/4  cup   chopped fresh parsley', '1/2      lemon, zest of', '  salt & freshly ground black pepper']",4,"[453.592, 473.176, '', 4.92892, 473.176, '', 4.92892, 4.92892, 150, '', '', '', 14.7868, 2, 5, 14.7868, 15, 59.147, 14.7868, 120, '', 59.147, '', '']"
44,fried_rice,Fried Rice,"['cooked rice', 'oil', 'eggs', 'garlic cloves', 'carrot', 'red bell pepper', 'scallions', 'frozen peas', 'soy sauce']","['2 -3   cups   cold leftover cooked rice', '3   tablespoons    oil (I use a mix of extra virgin olive oil and sesame oil)', '2       eggs, beaten ', '2       garlic cloves', '1       carrot', '1/2      red bell pepper', '6       scallions', '1/2  cup    frozen peas', '1/3  cup    soy sauce']",4,"[-100, 44.3604, 100, 10, 50, 50, 30, 118.294, 78.86266666666666]"
45,frozen_yogurt,Tom's Vanilla Frozen Yogurt,"['sugar', 'unflavored gelatin', 'salt', 'skim milk', 'plain low-fat yogurt', 'vanilla extract']","['1   cup    sugar', '2 (1/4  ounce) envelopes   unflavored gelatin', '1   dash    salt', '2   cups    skim milk', '5   cups    plain low-fat yogurt', '1   tablespoon    vanilla extract']",10,"[236.588, '', '', 473.176, 1182.94, 14.7868]"
46,garlic_bread,Garlic Bread,"['mayonnaise', 'parmesan cheese', 'garlic', 'dried basil', 'dried oregano', 'dried rosemary', 'round sourdough loaf', 'butter']","['1   cup    mayonnaise', '1   cup   grated parmesan cheese', '1 1/2  teaspoons   minced garlic', '2   teaspoons    dried basil, crumbled ', '1   teaspoon    dried oregano, crumbled ', '1/2  teaspoon    dried rosemary, crumbled ', '1   lb    round sourdough loaf, halved horizontally ', '2   tablespoons    butter, softened ']",12,"[236.588, 236.588, 5, 9.85784, 4.92892, 2.46446, 453.592, 29.5736]"
47,gnocchi,Gnocchi,"['mashed potatoes', 'flour', 'olive oil', 'salt', 'pepper', 'italian seasoning', 'garlic powder', 'onion salt']","['2   cups    mashed potatoes (cold)', '1 -1 1/2  cup    flour', '1   tablespoon    olive oil', '1   teaspoon    salt', '1   teaspoon    pepper', '1   teaspoon    italian seasoning', '1   teaspoon    garlic powder', '1   teaspoon    onion salt']",4,"[473.176, 200, 14.7868, 4.92892, 4.92892, 4.92892, 4.92892, 4.92892]"
48,greek_salad,Greek Salad,"['lettuce', 'red onion', 'tomatoes', 'cucumber', 'black olives', 'green pepper', 'feta cheese', 'salt', 'pepper', 'herbs', 'oregano', 'olive oil', 'lemon juice', 'garlic cloves', 'salt', 'parsley', 'dried chives', 'tarragon']","['1/2  head    lettuce, torn ', '1       red onion, sliced into rings ', '2       tomatoes, wedged ', '1/2  cup    cucumber, sliced ', '1/2  cup    black olives', '1       green pepper, cut into rings ', '1   cup   crumbled feta cheese', '1/4  teaspoon    salt', '1/8  teaspoon    pepper', '1/3  cup    herbs, and garlic dressing ', '1   dash    oregano', '1/2  cup    olive oil', '2   tablespoons    lemon juice', '1       garlic cloves, minced  or 1/2  teaspoon    garlic powder', '1/4  teaspoon    salt', '1/4  teaspoon    parsley', '1/4  teaspoon    dried chives', '1/4  teaspoon    tarragon or 1/4  teaspoon    oregano']",6,"['', 50, 50, 118.294, 118.294, 100, 236.588, 1.23223, 0.616115, 78.86266666666666, '', 118.294, 29.5736, 2, 1.23223, 1.23223, 1.23223, 1.23223]"
49,grilled_cheese_sandwich,Grilled Cheese Sandwich,"['white bread', 'american cheese', 'cheddar cheese', 'cream cheese', 'butter']","['2   slices    white bread', '1   slice    American cheese', '1   slice    cheddar cheese', '  cream cheese, light is okay ', '  butter']",1,"[60, 20, 20, '', '']"
50,grilled_salmon,Grilled Salmon,"['vegetable oil', 'soy sauce', 'worcestershire sauce', 'lemon juice', 'ginger', 'honey', 'dried basil', 'salmon fillets']","['1   tablespoon    vegetable oil', '1   tablespoon    soy sauce', '1   teaspoon    Worcestershire sauce', '1   tablespoon    lemon juice', '1/2  teaspoon    ginger', '2   tablespoons    honey', '2   tablespoons    dried basil', '6       salmon fillets']",6,"[14.7868, 14.7868, 4.92892, 14.7868, 2.46446, 29.5736, 29.5736, '']"
51,guacamole,Guacamole,"['avocados', 'lime juice', 'tomatoes', 'red onion', 'cilantro', 'kosher salt', 'garlic']","['2       avocados', '1   teaspoon    lime juice', '1/2  cup    tomatoes', '1/3  cup    red onion, chopped ', '2   tablespoons    cilantro, chopped ', '1   teaspoon    kosher salt', '1   teaspoon   minced garlic']",5,"[200, 4.92892, 118.294, 78.86266666666666, 29.5736, 4.92892, 4.92892]"
52,gyoza,Gyoza,"['cabbage', 'ground pork', 'japanese soy sauce', 'sesame oil', 'mirin', 'green onion', 'ginger', 'mushroom', 'peanut oil', 'hot water', 'gyoza skins', 'japanese soy sauce', 'rice wine vinegar', 'sesame oil']","['5   ounces    cabbage, chopped ', '6   ounces    ground pork or 6   ounces    ground beef (or combination of both)', '2   tablespoons    Japanese soy sauce', '1   tablespoon    sesame oil', '1   teaspoon    mirin (Japanese rice wine) or 1   teaspoon    sherry wine', '1       green onion, minced ', '1   teaspoon   grated ginger', '1      dried black mushroom, soaked in 2 tb water ', '2 -3   tablespoons    peanut oil', '1/4  cup    hot water', '1   package    gyoza skins or 1   package    wonton wrapper', '', '1/4  cup    Japanese soy sauce', '1   teaspoon    rice wine vinegar', '1   dash    sesame oil']",6,"[141.7475, 170.09699999999998, 29.5736, 14.7868, 4.92892, 5, 4.92892, 5, 30, 59.147, '', 59.147, 4.92892, '']"
53,hamburger,Hamburger,"['ground beef', 'worcestershire sauce', 'quick oats', 'sea salt', 'fresh ground black pepper', 'vermont sharp cheddar cheese', 'kaiser rolls', 'tomatoes', 'onion', 'pickles', 'stone ground mustard']","['18   ounces   fresh black angus ground beef', '1   tablespoon    Worcestershire sauce', '3   ounces    quick oats, crumbled in hand ', '  sea salt', '  fresh ground black pepper', '3   slices   aged Vermont sharp cheddar cheese', '3       kaiser rolls, sliced ', '1       tomatoes, sliced ', '1       onion, texas sweet sliced ', '6   slices   clausen pickles', '  stone ground mustard']",3,"[510.291, 14.7868, 85.04849999999999, '', '', 45, 150, 50, 50, '', '']"
54,hot_and_sour_soup,Easy Hot and Sour Soup,"['dried chinese mushrooms', 'chicken', 'firm tofu', 'bamboo shoots', 'chicken stock', 'rice wine', 'light soy sauce', 'rice vinegar', 'white pepper', 'cornstarch', 'salt', 'hot pepper sauce']","['4 -6       dried Chinese mushrooms, soaked ', '4   ounces    chicken', '1   package    firm tofu', '2   ounces   sliced bamboo shoots, drained ', '2 1/2  cups    chicken stock', '1   tablespoon    rice wine or 1   tablespoon    sherry wine', '1   tablespoon    light soy sauce', '1   tablespoon    rice vinegar', '1/2  teaspoon    white pepper', '1   tablespoon    cornstarch, mixed with water ', '  salt (to taste)', '  hot pepper sauce (to taste)']",4,"[60, 113.398, 200, 56.699, '', 14.7868, 14.7868, 14.7868, 2.46446, 14.7868, '', '']"
55,hot_dog,Hotdogs,"['hot dogs', 'hot dog buns', 'tomatoes', 'white onion', 'jalapenos', 'mustard', 'mayonnaise', 'ketchup', 'bacon', 'butter']","['8       hot dogs (wienies)', '8       hot dog buns', '2       tomatoes, diced ', '1/2      white onion, diced ', '1 (5   ounce) can   jalapenos, diced ', '  mustard', '  mayonnaise', '  ketchup', '8   slices    bacon, one per wienie ', '  butter, for the buns  (you can use the grease from the bacon)']",8,"['', 500, 100, 50, 145, '', '', '', '', '']"
56,huevos_rancheros,Huevos Rancheros,"['dried chipotle chile', 'jalapeno pepper', 'tomatillo', 'tomatoes', 'vegetable oil', 'dried oregano', 'dried marjoram', 'lime juice', 'salt and pepper', 'cilantro', 'corn tortillas', 'monterey jack cheese', 'eggs', 'onion', 'parmesan cheese', 'cilantro']","['', '1       dried chipotle chile (or 1 canned)', '1       jalapeno pepper, stemmed and seeded ', '1   lb    tomatillo, husked  (about 6)', '2   medium    tomatoes, stemmed ', '1   teaspoon    vegetable oil', '1   teaspoon    dried oregano', '1   teaspoon    dried marjoram', '1   tablespoon    lime juice', '  salt and pepper, to taste ', '2   tablespoons    cilantro', '', '8       corn tortillas (6 inches)', '1/2  lb    monterey jack cheese, shredded ', '8       eggs', '1/2  cup    onion, white, finely diced ', '3   tablespoons    parmesan cheese, grated ', '4   tablespoons    cilantro, chopped ']",4,"['', 15, 453.592, 100, 4.92892, 4.92892, 4.92892, 14.7868, '', 29.5736, 240, 226.796, 400, 118.294, 44.3604, 59.1472]"
57,hummus,Hummus,"['dried garbanzo beans', 'lemons%2c juice of', 'garlic cloves', 'salt', 'peanut butter', 'cumin', 'sugar']","['1   cup    dried garbanzo beans', '3       lemons, juice of (or 90 ml white vinegar)', '3       garlic cloves', '1   teaspoon    salt', '3   tablespoons    peanut butter', '2   teaspoons    cumin', '1   teaspoon    sugar']",10,"[236.588, '', 15, 4.92892, 44.3604, 9.85784, 4.92892]"
58,ice_cream,Cream,"['eggs', 'milk', 'cornstarch', 'sugar', 'vanilla']","['3       eggs', '3   cups    milk', '6   tablespoons    cornstarch', '6   tablespoons    sugar', '  vanilla']",10,"[150, 709.764, 88.7208, 88.7208, '']"
59,lasagna,Lasagna,"['lasagna noodles', 'lean ground beef', 'tomato sauce', 'green pepper', 'onions', 'sugar', 'garlic salt', 'oregano', 'pepper', 'cottage cheese', 'parmesan cheese', 'egg', 'parsley flakes', 'pepper', 'mozzarella cheese']","['10 -12       lasagna noodles', '1   lb    lean ground beef', '640   ml    tomato sauce', '1/4  cup    green pepper, chopped fine ', '2   tablespoons    onions, chopped fine ', '1   teaspoon    sugar', '1   teaspoon    garlic salt', '1/2  teaspoon    oregano', '  pepper, to taste ', '2   cups    cottage cheese', '1/2  cup    parmesan cheese, grated ', '1       egg', '1   tablespoon    parsley flakes', '  pepper, to taste ', '2   cups    mozzarella cheese, grated ']",8,"[200, 453.592, 640, 59.147, 29.5736, 4.92892, 4.92892, 2.46446, '', 473.176, 118.294, 50, 14.7868, '', 473.176]"
60,lobster_bisque,Lobster Bisque,"['lobster shells', 'onion', 'salt and pepper', 'water', 'lobsters', 'evaporated milk', 'butter', 'salt and pepper']","['', '2       skinless chicken thighs or 2       skinless chicken thighs', '1       onion, quartered ', '  salt and pepper', '4   cups    water', '', '1   lb   leftover cooked lobsters or 1   lb    canned lobster', '2   cans    evaporated milk', '1   tablespoon    butter', '  salt and pepper']",8,"['', 100, '', 946.352, 453.592, '', 14.7868, '']"
61,lobster_roll_sandwich,Lobster Roll Sandwich,"['mayonnaise', 'dijon mustard', 'celery', 'fresh lemon juice', 'old bay seasoning', 'lobster meat', 'lettuce leaves', 'rolls']","['1/2  cup    mayonnaise', '2   teaspoons    Dijon mustard', '1/3  cup    celery, diced ', '1   tablespoon    fresh lemon juice', '1/4  teaspoon    Old Bay Seasoning', '3   cups    lobster meat, cooked and cut into bite sized chunks ', '6       lettuce leaves', '6      hot dog rolls']",6,"[118.294, 9.85784, 78.86266666666666, 14.7868, 1.23223, 709.764, 30, 300]"
62,macaroni_and_cheese,Crock Pot Macaroni and Cheese,"['elbow macaroni', 'cheddar cheese', 'evaporated milk', 'milk', 'salt', 'pepper']","['8   ounces    elbow macaroni, cooked and drained ', '4   cups   shredded cheddar cheese (16 ounces)', '1 (12   ounce) can   evaporated milk', '1 1/2  cups    milk', '1   teaspoon    salt', '1/2  teaspoon    pepper']",4,"[226.796, 946.352, 340, 200, 4.92892, 2.46446]"
63,macarons,Macarons,"['confectioners%27 sugar', 'almond flour', 'egg whites', 'salt', 'granulated sugar', 'food coloring', 'bittersweet chocolate', 'heavy cream', 'unsalted butter', 'confectioners%27 sugar', 'salt', 'heavy cream', 'food coloring']","['', ""1 1/2  cups   sifted confectioners' sugar"", ""3/4  cup   sifted almond flour (such as Bob's Red Mill)"", '3       egg whites', '1   pinch    salt', '3   tablespoons    granulated sugar', '3   drops   gel food coloring', '', '4   ounces    bittersweet chocolate, chopped ', '1/2  cup    heavy cream', '', '1/2  cup    unsalted butter, softened  (1 stick)', ""2   cups    confectioners' sugar"", '1   pinch    salt', '2 -3   tablespoons    heavy cream', ' gel food coloring']",36,"['', 177.441, 50, '', 44.3604, '', 113.398, 118.294, 118.294, 473.176, '', -5, '']"
64,miso_soup,Miso,"['soybeans', 'water', 'sea salt', 'dried rice koji', 'sea salt']","['400   g   whole soybeans', '600   ml   filtered water', '150   g    sea salt', '300   g    dried rice koji', '2   teaspoons    sea salt (for preparation of fermenting vat)']",1,"[400, 600, 150, 300, 9.85784]"
65,mussels,Mussels,"['mussels', 'dry white wine', 'shallots', 'garlic', 'fresh parsley leaves', 'fresh thyme leaves', 'salt', 'pepper']","['3   lbs    mussels', '1   cup    dry white wine', '3       shallots, chopped ', '2   cloves    garlic, minced ', '1/3  cup    fresh parsley leaves, chopped ', '1/2  teaspoon    fresh thyme leaves or 1/4  teaspoon    dried thyme', '1/4  teaspoon    salt', '1/4  teaspoon    pepper']",6,"[1360, 236.588, '', 10, 78.86266666666666, 2.46446, 1.23223, 1.23223]"
66,nachos,Nachos,"['ground beef', 'onion', 'taco sauce', 'refried beans', 'cream of mushroom soup', 'taco seasoning', 'salt', 'velveeta cheese', 'tortilla chips', 'sour cream']","['1   lb    ground beef (or venison)', '1/4  cup    onion, diced ', '1   pint    taco sauce', '1 (16   ounce) can   refried beans (or try jalapeno refried beans for a kick)', '10 3/4  ounces    cream of mushroom soup', '1 (1 1/4  ounce) envelope   taco seasoning', '  salt', '2   cups    Velveeta cheese or 2   cups    cheddar cheese', '  tortilla chips', '  sour cream']",8,"[453.592, 59.147, 473.176, 450, 200, 28, '', 473.176, 30, '']"
67,omelette,Omelette,"['eggs', 'water', 'dried thyme', 'black pepper', 'onion', 'celery', 'mixed mushrooms', 'sunflower oil', 'cheddar cheese']","['2       eggs (free-range)', '1   tablespoon    water (cold)', '1   pinch    dried thyme', '  black pepper (freshly ground)', '1   tablespoon    onion (peeled and chopped)', '1   tablespoon    celery, chopped ', '50   g    mixed mushrooms, chopped ', '1   tablespoon    sunflower oil', '25   g    cheddar cheese, grated ']",1,"[100, 14.7868, '', '', 14.7868, 14.7868, 50, 14.7868, 25]"
68,onion_rings,Onion Rings,"['sweet onions', 'corn flakes', 'salt', 'sugar', 'paprika', 'eggs']","['2   large    sweet onions, peeled and cored ', '7   ounces    corn flakes, crushed ', '1   teaspoon    salt or 1   teaspoon    seasoning salt', '2   teaspoons    sugar', '1   teaspoon    paprika', '4       eggs']",4,"[200, 198.4465, 4.92892, 9.85784, 4.92892, 200]"
69,oysters,Oysters,"['smoked oysters', 'olive oil', 'worcestershire sauce', 'lemon juice', 'tabasco sauce', 'triscuit crackers']","['1 (3 3/4  ounce) can   smoked oysters', '1   tablespoon    olive oil', '2   tablespoons    Worcestershire sauce', '1   teaspoon    lemon juice', '1/2  teaspoon    Tabasco sauce (season to taste)', '12       Triscuit crackers']",2,"[115, 14.7868, 29.5736, 4.92892, 2.46446, 60]"
70,pad_thai,Pad Thai,"['fish sauce', 'rice vinegar', 'tomato paste', 'sugar', 'rice noodles', 'eggs', 'canola oil', 'garlic cloves', 'baby carrots', 'sliced mushrooms', 'green onions', 'boneless skinless chicken breast', 'shrimp', 'dry-roasted unsalted peanuts', 'bean sprouts', 'lime', 'crushed red pepper flakes']","['', '6   tablespoons    fish sauce', '1/2  cup    rice vinegar (unseasoned)', '3   tablespoons    tomato paste', '1/2  cup    sugar', '', '8   ounces    rice noodles (Medium Width)', '2       eggs', '2 1/2  tablespoons    canola oil', '5 -6       garlic cloves, Minced ', '1/4  cup    baby carrots, Julienned ', '4   ounces    sliced mushrooms', '5       green onions, Chopped ', '1/2  lb    boneless skinless chicken breast, Cooked and cut into bite size pieces ', '1/2  lb    shrimp, Cooked, Peeled and Deveined  (Thawed)', '3/4  cup    dry-roasted unsalted peanuts, Coarsely Chopped ', '4   ounces    bean sprouts', '1       lime, cut into wedges ', '  crushed red pepper flakes']",6,"[88.7208, 118.294, 44.3604, 118.294, 226.796, 100, '', 30, 59.147, 113.398, 35, 226.796, 226.796, 177.441, 113.398, 20, 5]"
71,paella,Paella,"['vidalia onion', 'garlic cloves', 'red bell pepper', 'olive oil', 'paprika', 'kielbasa', 'andouille sausage', 'white rice', 'chicken stock', 'saffron thread', 'fresh mussels', 'medium raw shrimp', 'frozen sweet peas', 'chicken stock', 'fresh parsley']","['1   cup    vidalia onion, small dice ', '5       garlic cloves, minced ', '1      whole red bell pepper, diced ', '1   tablespoon    olive oil', '2   teaspoons   spanish paprika', '1/2  lb    kielbasa, sliced on the diagonal ', '1/2  lb    andouille sausage, sliced ', '1 1/2  cups   uncooked white rice (I used Basmati rice)', '2 2/3  cups   good chicken stock', '1   pinch    saffron thread', '1   lb    fresh mussels', '1   lb    medium raw shrimp, peeled & deveined ', '1   cup    frozen sweet peas', "" extra chicken stock (the origninal recipe didn't state the amount so I had to adjust as I went.)"", '2   tablespoons    fresh parsley, chopped ']",6,"[236.588, 20, 60, 14.7868, 9.85784, 226.796, 226.796, 200, '', '', 453.592, 453.592, 236.588, '', 29.5736]"
72,pancakes,Pancakes,"['egg', 'all-purpose flour', 'milk', 'vegetable oil', 'white sugar', 'baking powder', 'salt']","['1       egg', '1   cup    all-purpose flour (If using self rising flour, omit baking powder and salt.)', '3/4  cup    milk', '2   tablespoons    vegetable oil', '1   tablespoon    white sugar', '3   teaspoons    baking powder', '1/2  teaspoon    salt']",1,"[50, 236.588, 177.441, 29.5736, 14.7868, 14.78676, 2.46446]"
73,panna_cotta,Panna Cotta,"['skim milk', 'unflavored gelatin', 'heavy cream', 'white sugar', 'vanilla extract']","['1/3  cup    skim milk', '1 (1/4  ounce) envelope   unflavored gelatin', '2 1/2  cups    heavy cream', '1/2  cup    white sugar', '1 1/2  teaspoons    vanilla extract']",6,"[78.86266666666666, 50, 250, 118.294, '']"
74,peking_duck,Peking Duck,"['duck', 'sugar', 'soy sauce', 'plum sauce', 'red bean paste', 'scallions', 'cucumber', 'flour', 'boiling water', 'vegetable oil']","['3 -4   lbs    duck', '1   teaspoon   malt sugar', '2   tablespoons    soy sauce', '1/2  cup    plum sauce', '1/2  cup   sweet red bean paste or 1/2  cup    hoisin sauce', '10       scallions, trimmed and quartered lengthwise ', '1   small    cucumber, peeled and cut lengthwise into thin strips about 2 inches long ', '', '2   cups    flour', '1   cup    boiling water', '  vegetable oil or   sesame oil']",4,"[2000, 4.92892, 29.5736, 118.294, 118.294, 80, 25, 473.176, 236.588, '']"
75,pho,Pho Ga (Vietnamese Chicken Noodle Soup),"['rice noodles', 'chicken wings', 'water', 'garlic clove', 'ginger', 'lemongrass', 'kaffir lime leaves', 'fresh galangal root', 'lettuce', 'tomatoes', 'bean sprouts', 'lime%2c juice of', 'nam pla', 'salt and black pepper', 'fresh cilantro leaves']","['3   ounces    rice noodles (pho)', '4      boneless chicken wings', '1   liter    water', '1       garlic clove', '1   inch    ginger, minced ', '5      stems lemongrass', '5       kaffir lime leaves', '1   inch    fresh galangal root, minced ', '3   leaves    lettuce', '1/2  small    tomatoes', '2   cups    bean sprouts', '1/2      lime, juice of', '1 1/2  tablespoons    nam pla', '  salt and black pepper, to taste ', '1/4  cup    fresh cilantro leaves, minced ']",2,"[85.04849999999999, 120, 1000, 5, 5, '', '', '', 10, 15, 473.176, '', '', '', 59.147]"
76,pizza,Pizza,"['wrap', 'cheese', 'tomato paste', 'oregano']","['1       wrap', '1/2  cup    cheese', '2   tablespoons    tomato paste', '1   teaspoon    oregano']",1,"['', 118.294, 29.5736, 4.92892]"
77,pork_chop,Po Po,"['ground beef', 'salt', 'sate seasoning', 'rosemary', 'egg yolk', 'butter', 'parmesan cheese']","['1/2  lb    ground beef', '1/2  teaspoon    salt', '1/2  teaspoon   javanese sate seasoning (or a mixture of chili powder and dry mustard)', '1/2  teaspoon   chopped rosemary', '1       egg yolk', '  butter', ' grated parmesan cheese']",1,"[226.796, 2.46446, 2.46446, 2.46446, '', '', '']"
78,poutine,Poutine,"['french fries', 'gravy', 'cheese']","['  French fries', '  gravy', '  cheese (usually mozza)']",2,"[100, '', '']"
79,prime_rib,Prime Rib,"['standing rib roast', 'kosher salt', 'dry mustard', 'fresh rosemary leaves', 'fresh coarse ground black pepper']","['1 (10 -12   lb)   five bone standing rib roast, chine bone removed and tied back on  (10-12 lbs.)', '2   tablespoons    kosher salt', ""1 1/2  tablespoons    dry mustard, preferably Coleman's "", '1 1/2  tablespoons   chopped fresh rosemary leaves', '  fresh coarse ground black pepper, to taste ']",8,"[-907.184, 29.5736, 5, '', '']"
80,pulled_pork_sandwich,Pulled Pork Sandwiches,"['pork', 'reduced-sodium chicken broth', 'balsamic vinegar', 'light brown sugar', 'chili powder', 'paprika', 'ground cumin', 'salt', 'ground black pepper', 'kaiser rolls']","['12   ounces    pork, cooked and shredded ', '1   cup    reduced-sodium chicken broth', '2   tablespoons    balsamic vinegar', '2   tablespoons    light brown sugar', '1   tablespoon    chili powder', '1   teaspoon    paprika', '1   teaspoon    ground cumin', '1/2  teaspoon    salt', '1/4  teaspoon    ground black pepper', '4       kaiser rolls, halved ']",4,"[340.19399999999996, 236.588, 29.5736, 29.5736, 14.7868, 4.92892, 4.92892, 2.46446, 1.23223, '']"
81,ramen,Shrimp Soup With Ramen Noodles,"['medium shrimp', 'lemon juice', 'chili powder', 'cumin', 'pepper', 'water', 'shrimp flavor ramen noodle soup', 'salsa', 'black beans', 'frozen corn', 'fresh cilantro']","['1   lb   deveined medium shrimp', '1   tablespoon    lemon juice', '1/2  teaspoon    chili powder', '1/8  teaspoon    cumin', '1/8  teaspoon    pepper', '3   cups    water', '2 (3   ounce) packages   shrimp flavor ramen noodle soup', '16   ounces    salsa', '15   ounces    black beans, drained and rinsed ', '2   cups    frozen corn', '1/4  cup   chopped fresh cilantro']",10,"[453.592, 14.7868, 2.46446, 0.616115, 0.616115, 709.764, 200, 453.592, 425.2425, 473.176, 59.147]"
82,ravioli,Ravioli,"['flour', 'eggs', 'olive oil', 'salt', 'fat-free ricotta cheese', 'part-skim mozzarella cheese', 'eggs', 'lowfat parmesan cheese', 'parsley']","['3 3/4  cups    flour', '5       eggs', '3   tablespoons    olive oil', '1   pinch    salt', '2   cups    fat-free ricotta cheese', '1   cup    part-skim mozzarella cheese', '3       eggs', '1/2  cup    lowfat parmesan cheese', '1/4  cup    parsley']",4,"['', 275, 44.3604, '', 473.176, 236.588, 150, 118.294, 59.147]"
83,red_velvet_cake,Cake,"['flour', 'sugar', 'vanilla', 'eggs', 'milk', 'baking powder', 'shortening']","['2   cups    flour', '1   cup    sugar', '1   teaspoon    vanilla', '2       eggs', '2/3  cup    milk', '2   teaspoons    baking powder', '1   cup    shortening']",12,"[473.176, 236.588, 4.92892, 100, 157.7253333333333, 9.85784, 236.588]"
84,risotto,Risotto,"['water', 'vegetarian chicken soup mix', 'butter', 'onion', 'celery', 'risotto rice', 'dry white wine', 'parmesan cheese', 'frozen peas']","['5   cups    water', '2   tablespoons    vegetarian chicken soup mix', '2   tablespoons    butter', '1       onion, finely minced ', '1   stalk    celery, minced ', '1 1/2  cups    risotto rice', '1   cup    dry white wine', '2/3  cup    parmesan cheese, grated ', '1   cup    frozen peas']",4,"[1182.94, 29.5736, 29.5736, 10, 5, '', 236.588, 157.7253333333333, 236.588]"
85,samosa,Samosa,"['all-purpose flour', 'salt', 'baking soda', 'oil', 'potatoes', 'cumin seed', 'garam masala', 'coriander powder', 'red chili powder', 'oil', 'coriander leaves']","['', '  all-purpose flour', '1   pinch    salt', '  baking soda', '2   tablespoons    oil', '', '4   medium    potatoes', '1   tablespoon    cumin seed', '1   tablespoon    garam masala', '1   tablespoon    coriander powder', '  red chili powder, as per taste ', '2   tablespoons    oil', '  coriander leaves']",4,"['', '', 50, 29.5736, 200, 14.7868, 14.7868, 14.7868, '', 29.5736, '']"
86,sashimi,Sashimi Tuna,"['tuna steaks', 'low sodium soy sauce', 'chives', 'garlic', 'wasabi', 'rice vinegar', 'watercress', 'pickled ginger']","['12   ounces   ahi tuna steaks (sushi quality)', '1   cup    low sodium soy sauce', '1   cup   chopped chives', '1/2  teaspoon   chopped garlic', '1/3  cup    wasabi', '1   tablespoon    rice vinegar', '2   bunches    watercress', '2   cups    pickled ginger']",4,"[340.19399999999996, 236.588, 236.588, 2.46446, 78.86266666666666, 14.7868, 100, 473.176]"
87,scallops,Asian Scallop and Snap Pea Salad,"['scallops', 'toasted sesame oil', 'fresh ginger', 'fresh garlic', 'crushed red pepper flakes', 'soy sauce', 'sugar', 'oyster sauce', 'salt', 'sugar snap pea', 'carrot', 'sliced water chestnuts', 'sliced mushrooms', 'red bell pepper', 'sesame seeds']","['10      u - 10 scallops', '2   teaspoons    toasted sesame oil', '1   tablespoon   minced fresh ginger', '1   tablespoon   minced fresh garlic', '1/4  teaspoon    crushed red pepper flakes', '1   tablespoon    soy sauce', '1   tablespoon    sugar', '1   tablespoon    oyster sauce', '  salt', '1   lb    sugar snap pea, trimmed ', '1/2  cup    carrot, cut into matchsticks ', '1/2  cup   drained sliced water chestnuts', '1/2  cup    sliced mushrooms, slightly sauteed ', '1/2  cup   julienne cut red bell pepper', '2   teaspoons    sesame seeds, toasted ']",5,"[283.495, 9.85784, 14.7868, 14.7868, 1.23223, 14.7868, 14.7868, 14.7868, '', 453.592, 118.294, 118.294, 118.294, 118.294, 9.85784]"
88,seaweed_salad,Seaweed Salad,"['wakame seaweed', 'rice vinegar', 'soy sauce', 'sesame oil', 'sugar', 'red pepper flakes', 'ginger', 'garlic', 'scallions', 'carrot', 'fresh cilantro', 'sesame seeds']","['3/4  ounce   dried wakame seaweed (whole or cut)', '3   tablespoons    rice vinegar (not seasoned)', '3   tablespoons    soy sauce', '1   tablespoon    sesame oil', '1   teaspoon    sugar', '  red pepper flakes', '1   teaspoon   finely grated ginger', '1/2  teaspoon   minced garlic', '2       scallions, thinly sliced ', '1/4  cup   shredded carrot', '2   tablespoons   chopped fresh cilantro', '1   tablespoon    sesame seeds, toasted ']",4,"[21.262124999999997, 44.3604, 44.3604, 14.7868, 4.92892, '', 4.92892, 2.46446, 15, 59.147, 29.5736, 14.7868]"
89,shrimp_and_grits,Shrimp and Grits -- One of President Obama's Favorites,"['medium shrimp', 'lemon%2c juice of', 'hot pepper sauce', 'salt', 'grits', 'bacon', 'onion', 'green bell pepper', 'garlic clove', 'scallion', 'unbleached all-purpose flour', 'chicken stock', 'unsalted butter', 'sharp cheddar cheese', 'tabasco sauce']","['1 1/2  lbs    medium shrimp, peeled, halved lengthwise, and deveined if you wish ', '1       lemon, juice of', '  hot pepper sauce, to taste ', '1 1/2  teaspoons    salt (or more, to taste)', '1 1/2  cups   stone-ground grits (not instant or quick cooking)', '6   slices    bacon, thick slices, chopped ', '1   small    onion, finely chopped ', '1/4  cup   finely chopped green bell pepper', '1       garlic clove, minced ', '1/2  cup   thinly sliced scallion', '2   tablespoons    unbleached all-purpose flour', '1   cup    chicken stock', '2   tablespoons    unsalted butter', '1   cup   grated medium to sharp cheddar cheese', '  Tabasco sauce or  other hot pepper sauce']",4,"['', '', '', '', 120, 50, 10, 59.147, 5, 118.294, 29.5736, 236.588, 29.5736, 236.588, '']"
90,spaghetti_bolognese,Spaghetti Bolognese,"['linguine', 'meatloaf mixture', 'fresh parsley', 'red wine', 'fresh garlic', 'sea salt', 'black pepper', 'basil', 'light olive oil', 'onion', 'carrots', 'tomato sauce']","['1   lb    linguine', '2   lbs    meatloaf mixture (veal, pork, beef)', '1   cup   chopped fresh parsley', '1   cup    red wine', '1/4  cup    fresh garlic, diced ', '1   tablespoon    sea salt', '1   teaspoon    black pepper', '1/4  cup    basil', '1/4  cup    light olive oil', '1      whole onion, diced ', '2   large    carrots, diced ', '4   cups    tomato sauce']",3,"[453.592, 907, 236.588, 236.588, 59.147, 14.7868, 4.92892, 59.147, 59.147, 50, 70, 946.352]"
91,spaghetti_carbonara,Spaghetti Carbonara,"['prosciutto ham', 'half-and-half', 'parmesan cheese', 'egg yolks', 'black pepper', 'oregano']","['6 -12   ounces    prosciutto ham', '3   pints    half-and-half', '6   ounces   grated parmesan cheese', '12      hard boiled egg yolks', '2   teaspoons    black pepper', '2   teaspoons    oregano']",4,"[-170, 1419.528, 170.09699999999998, 180, 9.85784, 9.85784]"
92,spring_rolls,Spring Rolls,"['peanut oil', 'broccoli', 'green onions', 'red pepper', 'salt and pepper', 'sesame oil', 'soy sauce', 'rice noodles', 'basil', 'rice paper']","['2   teaspoons    peanut oil', '2   cups    broccoli, slaw  (julienned carrots and broccoli) or 2   cups   about 2 carrots and 1 broccoli stems, shredded ', '2      sliced green onions', '1/2      red pepper, thinly sliced ', '  salt and pepper (to taste)', '1   teaspoon    sesame oil', '1   tablespoon    soy sauce', '1/2  lb    rice noodles, softened in hot water  (covered)', ' handful basil', '10       rice paper, rounds softened in hot water for a few seconds ']",6,"[9.85784, 473.176, 10, 50, '', 4.92892, 14.7868, 226.796, 30, '']"
93,steak,Steak Au Poivre,"['unsalted beef stock', 'onion', 'carrot', 'bay leaf', 'thyme', 'whole black peppercorn', 'black peppercorns', 'green peppercorn', 'new york strip steaks', 'vegetable oil', 'unsalted butter', 'shallots', 'cognac', 'dry white wine', 'parsley']","['4   cups    unsalted beef stock', '1   small    onion, chopped ', '1   small    carrot, chopped ', '1       bay leaf', '1   sprig    thyme', '1   teaspoon    whole black peppercorn', '1   tablespoon   coarsely crushed black peppercorns', '1   tablespoon   coarsely crushed green peppercorn', '4 (8 -10   ounce)    New York strip steaks, cut 1 inch thick, trimmed of excess fat  (8-10 oz. each)', '1   tablespoon    vegetable oil', '4   tablespoons    unsalted butter, cut into 4 pieces ', '2   tablespoons   very finely minced shallots', '4   tablespoons    cognac or 4   tablespoons    brandy', '1/2  cup    dry white wine', '2   teaspoons   finely chopped parsley']",4,"[946.352, 15, 10, 1, 1, 4.92892, 14.7868, 14.7868, -226.796, 14.7868, 59.1472, 29.5736, 59.1472, 118.294, 9.85784]"
94,strawberry_shortcake,Strawberry Shortcake,"['angel food cake', 'cream cheese', 'sugar', 'cool whip', 'vanilla extract', 'strawberry', 'sugar']","['1   lb    angel food cake', '1 (8   ounce) package   cream cheese (soft)', '3/4  cup    sugar', '1 (8   ounce) container   Cool Whip', '1   teaspoon    vanilla extract', '1   lb    strawberry', '1/2  cup    sugar']",10,"[453.592, 225, 177.441, 226, 4.92892, 453.592, 118.294]"
95,sushi,Sushi,"['fresh tuna', 'cooked sushi rice']","['1   ounce   raw fresh tuna', '1   ounce    cooked sushi rice']",1,"[28.3495, 28.3495]"
96,tacos,Tacos,"['ground beef', 'kidney beans', 'lettuce', 'tomatoes', 'cheese', 'avocado', 'oil', 'corn tortilla', 'sour cream', 'taco sauce']","['1   lb    ground beef', '1 (8   ounce) can   kidney beans', '  lettuce, shredded ', '  tomatoes, diced ', '  cheese, shredded ', '  avocado, diced ', '  oil', '  corn tortilla', '  sour cream', '  taco sauce']",4,"[453.592, '', 30, 50, '', 100, '', 30, '', '']"
97,takoyaki,Takoyaki (&quot;octopus Balls&quot;),"['flour', 'egg', 'water', 'octopus', 'cabbage', 'green onions', 'fish scraps', 'takoyaki sauce', 'ao nori', 'bonito flakes', 'mayonnaise']","['', '100   g    flour', '1       egg', '350   ml    water', '', '100   g   boiled octopus (cut into 1cm square)', '50   g    cabbage (chopped)', '10   g    green onions (scallions chopped)', '20   g    fish scraps (tenkasu)', '  yakisoba sauce or   okonomiyaki sauce', '  ao nori (seaweed)', ' dried bonito flakes', '  mayonnaise']",50,"[100, 50, 350, 100, 50, 10, 20, '', '', '', '']"
98,tiramisu,Tiramisu,"['espresso coffee', 'tia maria', 'eggs', 'caster sugar', 'mascarpone cheese', 'cream', 'ladyfingers', 'cocoa powder']","['2 -3   cups   strong plunger espresso coffee, cooled to room temp ', '3   tablespoons    Tia Maria (or another liqueur, but the coffee flavour is really enhanced)', '2       eggs, separated ', '1/4  cup    caster sugar', '250   g    mascarpone cheese', '1   cup    cream (anything that will hold the peaks heavy whipping cream works fine as will anything 36% milkfat or hi)', '250   g    ladyfingers (savoiardi)', '  cocoa powder, for dusting ']",6,"[200, 44.3604, 100, 59.147, 250, 236.588, 250, '']"
99,tuna_tartare,Tuna Tartare,"['wonton wrappers', 'olive oil', 'sesame seeds', 'tuna', 'green onions', 'sesame seeds', 'soy sauce', 'sesame oil', 'fresh ginger', 'garlic clove', 'orange zest', 'cilantro', 'kosher salt', 'avocado', 'lime juice', 'fresh cilantro stem']","['', '12       wonton wrappers (can substitute egg roll wrappers)', '2   tablespoons    olive oil', '3   tablespoons    sesame seeds', '', '6   ounces   sushi-grade tuna, cut into 1/4-inch dice ', '2   tablespoons    green onions, green parts only, finely chopped ', '2   tablespoons    sesame seeds, toasted ', '2   tablespoons    soy sauce', '1   teaspoon    sesame oil', '1   teaspoon   peeled and grated fresh ginger', '1       garlic clove, minced ', '3/4  teaspoon    orange zest', '2   tablespoons    cilantro, finely chopped ', '1/2  teaspoon    kosher salt', '1       avocado, cut into 1/4-inch dice ', '2   teaspoons    lime juice', '  fresh cilantro stem (to garnish)']",24,"[225, 29.5736, 44.3604, 170.09699999999998, 29.5736, 29.5736, 29.5736, 4.92892, 4.92892, 5, 3.69669, 29.5736, 2.46446, 100, 9.85784, '']"
100,waffles,Waffles,"['vanilla sugar', 'egg', 'salt', 'milk', 'sugar', 'flour']","['10   g    vanilla sugar', '1       egg', '1   pinch    salt', '133   ml    milk', '80   g    sugar', '166   g    flour']",4,"[10, 50, '', 133, 80, 166]"
